Geographic Location,Payee Name of Record,Address1 of Record,Address 2 of Record,City of Record,State of Record,Zip of Record
State of California,JTN HOSPICE INC,,,,,
"Cook County, Illinois",TUR VENTURES LLC,1200 E ALGONQUIN RD,,MOUNT PROSPECT,IL,60056
State of California,JTN HOSPICE INC,,,,,
"Cook County, Illinois",SAKS & COMPANY,700 N MICHIGAN AVE,,CHICAGO,IL,60611
"Cook County, Illinois",FRANKLIN KINZIE OFFICE,28 W KINZIE ST,,CHICAGO,IL,60654
State of California,TCW LLC,,,,,
"Cook County, Illinois",NORTHWESTERN MEM HOSP,211 E ONTARIO ST,,CHICAGO,IL,60611
"Cook County, Illinois",GROSS POINT PROP. LLC,9700  GROSS POINT RD,,SKOKIE,IL,60076
State of California,GOOP INC,,,,,
"Cook County, Illinois",ARTHUR J GALLAGHER,2850 E GOLF RD,,ROLLING MEADOWS,IL,60008
"Cook County, Illinois",LOGOS MISSIONS INC,2315  SANDERS RD,,NORTHBROOK,IL,60062
"Cook County, Illinois",SIDCOR DEMPSTER ASSOC,8730 W DEMPSTER ST,,NILES,IL,60714
"Cook County, Illinois",NORTHWESTERN MEM HOSP,2701  PATRIOT BLVD,,GLENVIEW,IL,60026
"Cook County, Illinois",JACOBSON LORMAX ORLAND,16727  LA GRANGE RD,,ORLAND HILLS,IL,60487
"Cook County, Illinois",UOP LLC,1055 S MOUNT PROSPECT RD,,DES PLAINES,IL,0
"Cook County, Illinois",NORTHWESTERN MEM HOSP,217 E ONTARIO ST,,CHICAGO,IL,60611
"Cook County, Illinois",SWEDISH COV HOSPT,5145 N CALIFORNIA AVE,,CHICAGO,IL,60625
State of California,INTERNATIONAL RESCUE COMMITTEE,,,,,
"Cook County, Illinois",HENIFF TRANSPORTATION,3301 W 167TH ST,,HAZEL CREST,IL,60429
"Cook County, Illinois",ST GEORGE CORP,15300  WEST AVE,,ORLAND PARK,IL,60462
"Cook County, Illinois",UNIVERSITY OF CHICAGO,1201 E 60TH ST,,CHICAGO,IL,60637
"Cook County, Illinois",EJATT,6201 W 115TH ST,,ALSIP,IL,60803
"Cook County, Illinois",700 NORTH MICHIGAN AV,700 N MICHIGAN AVE,,CHICAGO,IL,60611
"Cook County, Illinois",FED EX CORP,1  OHARE INTERNTL,,CHICAGO,IL,0
"Cook County, Illinois",NORTH UNION LAND OWNER,917  FRANKLIN,,CHICAGO,IL,60610
State of California,WARBURG PINCUS PRIVATE EQUITY,,,,,
State of California,CITIZENS OF THE WORLD CHARTER,,,,,
"Cook County, Illinois",535 N MICHIGAN VENTURE,535 N MICHIGAN AVE,,CHICAGO,IL,60611
"Cook County, Illinois",STREAMS EDGE PROP LLC,1000  NORTHWEST HWY,,DES PLAINES,IL,60016
State of California,INTERNATIONAL RESCUE COMMITTEE,,,,,
"Cook County, Illinois",THE CLOROX COMPANY,5063 S MERRIMAC AVE,,CHICAGO,IL,60638
"Cook County, Illinois",NCH HEALTHCARE,455 S ROSELLE RD,,SCHAUMBURG,IL,60193
"Cook County, Illinois",MACNEAL HOSP.FIANCE,3301  OAK PARK AVE,,BERWYN,IL,60402
"Cook County, Illinois",MACNEAL HOSP.FIANCE,3251  OAK PARK AVE,,BERWYN,IL,60402
"Cook County, Illinois",ALLSTATE INSURANCE,3075  SANDERS RD,,NORTHBROOK,IL,60062
"Cook County, Illinois",NEW ALBERTSONS LLC,1210 N CLARK ST,,CHICAGO,IL,60610
"Cook County, Illinois",MACNEAL HOSP.FIANCE,3300  EUCLID AVE,,BERWYN,IL,60402
"Cook County, Illinois",MACNEAL HOSP.FIANCE,3310  EUCLID AVE,,BERWYN,IL,60402
"Cook County, Illinois",COMED RE&F,1329 N WOLF RD,,MOUNT PROSPECT,IL,60056
"Cook County, Illinois",DELTA AIR LINESINC,1  OHARE INTERNTL,,CHICAGO,IL,0
"Cook County, Illinois",PILSEN LV CMHC INC,2001 S CALIFORNIA AVE,,CHICAGO,IL,60608
"Cook County, Illinois",CVS PHARMACY 8512 01,1  MAIN ST,,PARK FOREST,IL,60466
"Cook County, Illinois",FRG X AP IL FAROPOINT,77 S WHEELING RD,,WHEELING,IL,60090
"Cook County, Illinois",ISLAMIC MISSION & MOSQ,533 S BARTLETT RD,,STREAMWOOD,IL,60107
State of California,INTERNATIONAL RESCUE COMMITTEE,,,,,
"Cook County, Illinois",NORTHWESTERN MEM HOSP,219 E ONTARIO ST,,CHICAGO,IL,60611
State of California,GENERAL ELECTRIC CO,,,,,
"Cook County, Illinois",QUICKTRIP CORPORATION,7107 S HARLEM AVE,,BURBANK,IL,60455
"Cook County, Illinois",MOTION INDUSTRIES INC,3900 S CICERO AVE,,CHICAGO,IL,60804
State of California,MACKAY & SOMPS CIVIL ENGINEERS,,,,,
"Cook County, Illinois",ASTOR STREET LLC,1431 N ASTOR ST,,CHICAGO,IL,60610
"Cook County, Illinois",ACCESS COMMUNITY HEALT,1120 N ARLINGTON HEIGH RD,,ARLINGTON HEIGHTS,IL,60004
"Cook County, Illinois",ASTOR STREET LLC,1431 N ASTOR ST,,CHICAGO,IL,60610
"Cook County, Illinois",WILLOW CHICAGO,1329 S STATE ST,,CHICAGO,IL,60605
"Cook County, Illinois",CROSSROADS NBRK LLC,4201  LAKE COOK RD,,NORTHBROOK,IL,60062
"Cook County, Illinois",CPI DSP JANICE OWNER,2050  JANICE AVE,,MELROSE PARK,IL,60160
"Cook County, Illinois",DAR UL ILM FOUNDATION,2360  LAKEWOOD BLVD,,HOFFMAN ESTATES,IL,60192
State of California,"HOME DEPOT U.S.A., INC.",,,,,
"Cook County, Illinois","SENIOR FLEXONICS, INC",300  DEVON AVE,,BARTLETT,IL,60103
"Cook County, Illinois",THRESHOLDS FIN DEPT,4421 N RAVENSWOOD AVE,,CHICAGO,IL,60640
State of California,"VMWARE, INC.",,,,,
"Cook County, Illinois",MACNEAL HOSPITAL,3722 S HARLEM AVE,,RIVERSIDE,IL,60546
"Cook County, Illinois",MACNEAL HOSP.FIANCE,6745  WINDSOR AVE,,BERWYN,IL,60402
"Cook County, Illinois",MACNEAL HOSP.FIANCE,3249  WINDSOR AVE,,BERWYN,IL,60402
"Cook County, Illinois",ONNI ATRIUM APARTMENT,202 W HILL ST,,CHICAGO,IL,60610
"Dallas, TX",PIONEER PARKWAY OWNER LLC,"C/O VAULTCAP PARTNERS 6060 N. CENTRAL EXPY, STE 500 DALLAS, TX 75206",,,,
"Dallas, TX",DMC PROPERTY LLC,"C/O JACKIE PERRY 540 GAITHER RD, STE 100 ROCKVILLE, MD 20850",,,,
"Cook County, Illinois",WRIGHT FOUNDATION,445 E OHIO ST,,CHICAGO,IL,60611
"Cook County, Illinois",CINTAS CORP,6001 W 73RD ST,,BEDFORD PARK,IL,60638
"Dallas, TX",B10 JUPITER TRADE CENTER (TX),"OWNER LP, ET AL C/O POPP HUTCHESON PLLC 1301 S MOPAC EXPWY STE 430",,,,
"Cook County, Illinois",HOWARD BROWN HEALTH,6500 N CLARK ST,,CHICAGO,IL,60626
"Dallas, TX",JP BANNER LP,C/O TRINITY NATIONAL PROPERTY  MANAGEMENT LLC 12770 COIT RD STE 200,,,,
"Dallas, TX",NEXMETRO TRADITONS LP,"C/O MICHAEL LANG PO BOX 261330 PLANO, TX 75026",,,,
State of California,JULIA LEE PERFORMING ARTS,,,,,
San Jose California,"BEAR ELECTRICAL SOLUTIONS, LLC","1252 STATE ST, P O BOX 924,  ALVISO CA  95002",,,,
"Dallas, TX",INMAR RX SOLUTIONS INC,"C/O THE COLE LAW FIRM PLLC 14053 MEMORIAL DR #298 HOUSTON, TX 77079",,,,
San Jose California,"SOLARCITY LMC SERIES I,LLC","P.O.BOX 3500, DRAPER,   UT  84020",,,,
State of California,INTERNATIONAL RESCUE COMMITTEE,,,,,
"Dallas, TX",BG VICTORIEN RIVECHASE LLC AND ET AL,"C/O LANG LAW OFFICE PC 3900 AMERICAN DR SUITE 102 PLANO, TX 75075",,,,
"Cook County, Illinois",IL INST OF TECHNOLOGY,6502  ARCHER AVE,,BEDFORD PARK,IL,60638
"Cook County, Illinois",THE PRIVATE BANK,7401  NORTH AVE,,RIVER FOREST,IL,60305
"Dallas, TX",MACK MESQUITE LLC,C/O HUDSON ADVISORS ATTN: STEVE MILLS 6688 N CENTRAL EXPY STE 1400,,,,
"Dallas, TX",GPIF 2401 CS LLC,"C/O KLINE LAW FIRM PLLC PO BOX 806 FORT WORTH, TX 76101-0806",,,,
"Cook County, Illinois",ERC PROPERTIES LLC,3720 N KEDZIE AVE,,CHICAGO,IL,60618
"Dallas, TX",CSL REMINGTON LLC AND ET AL,"C/O POPP HUTCHESON PLLC 1301 S MOPAC EXPWY STE 430 AUSTIN, TX 78746",,,,
"Dallas, TX",220 OVERTON APTS DALLAS LLC,"C/O PATRICK HODGINS 3523 MCKINNEY AVE STE 221 DALLAS, TX 75204",,,,
"Cook County, Illinois",I SHAR L P,609 N UNION AVE,,CHICAGO,IL,60654
"Cook County, Illinois",HOWARD BROWN HEALTH CE,3501 N HALSTED ST,,CHICAGO,IL,60657
"Cook County, Illinois",I SHAR L P,609 N UNION AVE,,CHICAGO,IL,60654
"Dallas, TX",AMERICAN WOODMARK CORP,"561 SHADY ELM RD. WINCHESTER, VA 22602",,,,
"Dallas, TX",WP MIDTOWN MNF DFW OWNER LLC &,8250 MEADOW RD GROUND OWNER C/O LOGAN GUESS 13155 NOEL RD STE 1850,,,,
"Cook County, Illinois",ALLSTATE INSURANCE CO,2675  SANDERS RD,,NORTHBROOK,IL,60062
"Cook County, Illinois",CADILLAC PRNTG & LITHO,1900 S 25TH AVE,,BROADVIEW,IL,60155
"Cook County, Illinois",CHURCH OF JESUS CHRIST,822 N CLARK ST,,CHICAGO,IL,60610
"Dallas, TX",QUALITY INVESTMENT PPTIES IRVING LLC,C/O QTS DATACENTERS ATTN: PROPERTY TAX 12851 FOSTER ST,,,,
"Cook County, Illinois",MOODY BIBLE MORNINGSID,171 W OAK ST,,CHICAGO,IL,60610
"Cook County, Illinois",BRIGHT HOPE INTL,2060  STONINGTON AVE,,HOFFMAN ESTATES,IL,60169
"Cook County, Illinois",MACNEAL HOSP.FIANCE,6741  WINDSOR AVE,,BERWYN,IL,60402
"Dallas, TX",PURE LA VILLITA APTS LLC,"C/O CORTLAND PARTNERS ATTN: KYLE BATEH 14675 DALLAS PKWY., STE 550",,,,
"Cook County, Illinois",RPS ARLINGTON LLC,526 E RAND RD,,ARLINGTON HEIGHTS,IL,0
